name,email,company,budget,employees,industry,seniority,timeline,source,message
Priya Sharma,priya.sharma@acmecorp.com,Acme Corp,50K+,1200,SaaS,CEO,ASAP,Referral,"We need to roll this out across three teams this quarter. Can we get a demo this week?"
Rohan Mehta,rohan.mehta@gmail.com,FinPay Solutions,50K+,200,Fintech,VP,Immediate,Webinar,"Saw your webinar on payment automation. Evaluating tools for Q3."
Elena Petrova,elena@cloudscaleanalytics.com,CloudScale Analytics,,800,SaaS,Founder,Immediate,Referral,"Marcus at Vertex Capital pointed me your way. Budget approval is in motion but we need to move fast."
N/A,ops@vertexcapital.com,Vertex Capital,50K+,500+,Fintech,C-Level,Immediate,Website,"Requesting pricing and security documentation for our internal evaluation."
David Okafor,david.okafor@gmail.com,BrightPath Consulting,,150,Consulting,VP,This Quarter,Cold Email,"Exploring options for next year. No budget confirmed yet."
Sarah Lim,sarah.lim@zenithretail.com,Zenith Retail,10K-50K,Mid-Market,E-commerce,Manager,,Webinar,"Comparing platforms for our storefront revamp. What does pricing look like?"
Ankit Gupta,ankit.gupta@shipfastlogistics.com,ShipFast Logistics,10K+,500+,Logistics,Director,1-3 Months,Website,"Need better visibility on shipment workflows. Timeline depends on procurement."
Maria Fernandez,maria.fernandez@healthbridge.io,HealthBridge,50K+,150,Healthcare,Manager,Next Quarter,Website,"Researching solutions for our patient intake process."
Chris Tan,chris.tan92@outlook.com,Tan Digital Store,Under 10K,Startup,Ecommerce,Owner,Exploring,Website,"Running a small online store, just seeing what's out there."
Peter Almeida,peter.almeida@skylineproperties.com,Skyline Properties,10K-50K,300,Real Estate,VP,Next Quarter,Cold Email,"Considering tools for next year depending on how the market goes."
Neha Kulkarni,neha.kulkarni@paybridge.in,PayBridge,10-50K,15,Financial Technology,Head of Sales,This Month,Webinar,"Great session on reconciliation automation. We are a small team looking to move quickly."
Lucas Meyer,lucas.meyer@brewandbake.com,Brew & Bake Co,Under 10K,10,Other,Owner,Quarter,Website,"Curious about your product for our two locations."
Aisha Mohammed,aisha.mohammed@edufirstacademy.com,EduFirst Academy,10K+,80,Education,Director,6 Months,Cold Email,"Gathering information for a possible initiative later in the year."
Sam Rivera,sam.rivera@gmail.com,Freelance,,,,,,,,"Just browsing — what's your pricing?"
Tom Becker,tom@beckersdeli.com,Becker's Deli,Under 10K,8,Hospitality,Employee,6+ Months,Cold Email,"Owner asked me to look into this. Not urgent."
Kavita Iyer,kavita.iyer@yahoo.in,Sunrise Physiotherapy,Under 10K,1-50,Healthcare,Individual Contributor,Just Exploring,Website,"Looking around for our clinic, nothing definite."
Vikram Shah,vikram.shah@shahindustries.com,Shah Industries,Under 10K,50-499,Manufacturing,Engineer,Exploring,Cold Email,"Checking options for our plant supervisor, earliest next year maybe."
Zoe Turner,zoe.turner@outlook.com,Turner Photography,Under 10K,1,Photography,IC,,Website,"Saw your site. Do you have something for small studios?"
Sarah Lim,sarah.lim@zenithretail.com,Zenith Retail,10K-50K,50-499,E-commerce,Manager,This Quarter,Webinar,"Following up on my earlier message — any update on pricing?"
Jonathan Blake,,Blake Media,50K+,500+,SaaS,VP,Immediate,Website,"We are ready to move this quarter. Please share enterprise pricing."
